,,Report Time (dynamic),2026-06,2026-06,2026-06,2026-06,2026-07,2026-07,2026-07,2026-07,2026-08,2026-08,2026-08,2026-08
Country Name,Store Shopping Mission,Brand Name,Active Users,"Δ %, Active Users PP",Frequency,"Δ %, Frequency PP",Active Users,"Δ %, Active Users PP",Frequency,"Δ %, Frequency PP",Active Users,"Δ %, Active Users PP",Frequency,"Δ %, Frequency PP"
Ukraine,Grocery Stores,VARUS,3571,-24.1%,2.09,0.1%,4704,-32.5%,2.09,0.4%,6965,,2.08,
Ukraine,Grocery Stores,LOKO,2587,-4.3%,1.73,-3.9%,2703,-14.8%,1.81,5.9%,3174,,1.7,
Ukraine,Alcohol Stores,HOP HEY,1482,0.8%,2.26,-3.4%,1470,-18.1%,2.34,3.2%,1795,,2.26,
Ukraine,Alcohol Stores,BEER MARKET,1280,2.2%,2.06,-2.0%,1253,-7.0%,2.1,7.1%,1347,,1.96,
Ukraine,Convenience Stores,CAFE RYNOK,723,4.6%,2.04,-6.3%,691,-12.0%,2.17,2.3%,785,,2.12,
Ukraine,Grocery Stores,KOPIYKA,530,-4.3%,2.53,4.1%,554,-29.6%,2.43,-7.6%,787,,2.63,
Ukraine,Alcohol Stores,REMESLO BREWERY,513,-0.2%,2.03,7.2%,514,-5.9%,1.89,-0.3%,546,,1.9,
Ukraine,Alcohol Stores,BEERLAND,592,5.9%,1.89,-8.9%,559,-12.7%,2.07,1.5%,640,,2.04,
Ukraine,Grocery Stores,RUKAVYCHKA,392,21.4%,2.1,10.0%,323,-3.6%,1.91,-14.6%,335,,2.24,
Ukraine,Alcohol Stores,PYVNA BORODA,473,-3.7%,2.4,-12.6%,491,-6.1%,2.74,-0.8%,523,,2.76,
Ukraine,Grocery Stores,TAISTRA,278,6.1%,2.14,2.3%,262,-9.7%,2.09,-7.4%,290,,2.26,
Ukraine,Specialty Stores,MEALTIME,215,7.0%,1.61,2.4%,201,7.5%,1.57,-0.7%,187,,1.58,
Ukraine,Grocery Stores,SANTIM,160,1.3%,2.44,7.3%,158,-16.0%,2.27,-5.9%,188,,2.41,
Ukraine,Alcohol Stores,TOCHKA,257,-0.8%,2.09,-9.4%,259,6.1%,2.31,-2.0%,244,,2.35,
Ukraine,Pharmacies,ANRI-PHARM,451,-9.3%,1.14,-6.1%,497,-8.6%,1.21,1.2%,544,,1.19,
Ukraine,Grocery Stores,KOPIYKA MINI,231,3.1%,2.02,0.9%,224,-8.2%,2.,9.2%,244,,1.83,
Ukraine,Alcohol Stores,LEPRUKON,236,-20.0%,2.24,-2.5%,295,-27.2%,2.3,5.8%,405,,2.17,
Ukraine,Alcohol Stores,WINETIME,144,1.4%,1.58,4.1%,142,-28.3%,1.51,-8.6%,198,,1.66,
Ukraine,Specialty Stores,TAISTRA,126,26.0%,2.69,18.5%,100,78.6%,2.27,-11.7%,56,,2.57,
Ukraine,Alcohol Stores,SPRAGA,211,23.4%,2.41,-5.0%,171,-8.1%,2.54,0.9%,186,,2.52,
Ukraine,Alcohol Stores,MAXBEER,133,-8.9%,2.78,6.6%,146,4.3%,2.61,-7.0%,140,,2.81,
Ukraine,Alcohol Stores,DIMPYVA,160,-4.8%,2.43,-12.8%,168,12.8%,2.78,0.5%,149,,2.77,
Ukraine,Alcohol Stores,ALTBIER,119,15.5%,2.11,-8.7%,103,14.4%,2.31,1.9%,90,,2.27,
Ukraine,Alcohol Stores,CHILL TIME,137,-7.4%,2.69,10.7%,148,9.6%,2.43,-8.5%,135,,2.66,
Ukraine,Erotic,NO TABOO,89,-11.0%,1.1,2.0%,100,-19.4%,1.08,-3.7%,124,,1.12,
Ukraine,Alcohol Stores,PYVNA SOVA,72,-7.7%,3.19,-6.3%,78,-45.1%,3.41,12.4%,142,,3.04,
Ukraine,Specialty Stores,LEPRUKON,95,17.3%,2.41,-29.8%,81,-4.7%,3.43,5.3%,85,,3.26,
Ukraine,Alcohol Stores,KEGOVA,72,-1.4%,1.71,2.2%,73,30.4%,1.67,2.8%,56,,1.63,
Ukraine,Alcohol Stores,GOOD BEER,90,8.4%,1.76,10.4%,83,3.8%,1.59,-10.4%,80,,1.78,
Ukraine,Alcohol Stores,HALYTSKYI KUKHOL,98,1.0%,1.58,-19.3%,97,-21.1%,1.96,-4.8%,123,,2.06,
Ukraine,Alcohol Stores,OPILLYA,54,14.9%,2.11,7.9%,47,-21.7%,1.96,-23.2%,60,,2.55,
Ukraine,Flower Shops,FLOWER SHOP,23,-32.4%,1.04,-6.6%,34,-19.0%,1.12,2.0%,42,,1.1,
Ukraine,Alcohol Stores,GOOD BEER VIN,65,10.2%,1.68,-19.6%,59,-21.3%,2.08,-1.7%,75,,2.12,
Ukraine,Alcohol Stores,LUCKY BEER,37,5.7%,1.95,-31.2%,35,20.7%,2.83,41.4%,29,,2.,
Ukraine,Alcohol Stores,MAHAZYN PYVNYY UKRAIINSKYJ KRAFT,40,53.8%,2.5,-31.6%,26,-18.8%,3.65,27.1%,32,,2.88,
Ukraine,Alcohol Stores,BEER SHOP VINNITSYA,83,80.4%,1.34,-3.9%,46,21.1%,1.39,12.5%,38,,1.24,
Ukraine,Alcohol Stores,NALYVKY ZI LVOVA,45,55.2%,1.51,9.6%,29,-51.7%,1.38,3.4%,60,,1.33,
Ukraine,Flower Shops,NL FLOWER SHOP,21,10.5%,1.14,8.6%,19,-34.5%,1.05,-7.5%,29,,1.14,
Ukraine,Specialty Stores,VAPE STORY,52,13.0%,1.17,-3.6%,46,0.0%,1.22,-1.8%,46,,1.24,
Ukraine,Alcohol Stores,UMANPYVO BRANDSTORE,71,1.4%,2.04,19.1%,70,-32.7%,1.71,-6.7%,104,,1.84,
Ukraine,Alcohol Stores,BOHEMIAN KINGS BEER,28,-9.7%,2.71,95.7%,31,6.9%,1.39,-21.1%,29,,1.76,
Ukraine,Alcohol Stores,PYVOTEKA ODESA,39,-9.3%,2.44,21.8%,43,13.2%,2.,-15.6%,38,,2.37,
Ukraine,Convenience Stores,REMESLO BREWERY,31,14.8%,1.58,-12.9%,27,-27.0%,1.81,-1.3%,37,,1.84,
Ukraine,Alcohol Stores,SVIJIY ROZLUV,33,3.1%,2.21,-32.6%,32,23.1%,3.28,-7.3%,26,,3.54,
Ukraine,Alcohol Stores,PYVOTEKA 2020,41,10.8%,1.54,-26.2%,37,0.0%,2.08,24.2%,37,,1.68,
Ukraine,Alcohol Stores,LVIVSKI KRANY,36,24.1%,2.31,-5.8%,29,-14.7%,2.45,15.6%,34,,2.12,
Ukraine,Alcohol Stores,PYANA VYSHNYA,40,21.2%,1.45,-6.2%,33,-23.3%,1.55,-13.7%,43,,1.79,
Ukraine,Alcohol Stores,LITR BEER,38,-2.6%,1.42,-16.0%,39,14.7%,1.69,-2.5%,34,,1.74,
Ukraine,Alcohol Stores,PRAVDA CRAFT MISSION,29,-6.5%,2.62,-4.4%,31,-41.5%,2.74,23.2%,53,,2.23,
Ukraine,Alcohol Stores,PIVOBANK,36,-18.2%,2.25,-5.7%,44,-38.0%,2.39,17.7%,71,,2.03,
Ukraine,Alcohol Stores,PYVOMARKET,48,-11.1%,1.75,2.7%,54,17.4%,1.7,13.6%,46,,1.5,
Ukraine,Grocery Stores,LEPRUKON,31,-3.1%,3.19,38.1%,32,52.4%,2.31,51.8%,21,,1.52,
Ukraine,Alcohol Stores,BEER COMPANY,27,-22.9%,2.74,39.0%,35,6.1%,1.97,8.4%,33,,1.82,
Ukraine,Alcohol Stores,SHOPYVO,34,-24.4%,1.76,32.4%,45,0.0%,1.33,-11.8%,45,,1.51,
Ukraine,Alcohol Stores,SEIM,27,-28.9%,3.11,-5.4%,38,-9.5%,3.29,9.6%,42,,3.,
Ukraine,Alcohol Stores,JERKINS AND BEER,33,10.0%,1.88,-7.6%,30,25.0%,2.03,-2.4%,24,,2.08,
Ukraine,Grocery Stores,RODYNNA KOVBASKA,36,-12.2%,1.61,34.8%,41,-59.0%,1.2,-12.1%,100,,1.36,
Ukraine,Alcohol Stores,PYVANDR,43,10.3%,1.79,16.4%,39,105.3%,1.54,46.2%,19,,1.05,
Ukraine,Alcohol Stores,PYVNA HAVAN,31,-31.1%,1.74,10.4%,45,2.3%,1.58,21.8%,44,,1.3,
Ukraine,Alcohol Stores,DRAFT BEER VINNYTSIA,34,6.3%,1.71,-4.2%,32,-3.0%,1.78,27.8%,33,,1.39,
Ukraine,Alcohol Stores,CRAFT BEER DNIPRO,42,35.5%,1.33,3.3%,31,19.2%,1.29,-23.8%,26,,1.69,
Ukraine,Flower Shops,ONE SAY,10,11.1%,1.1,-10.0%,9,28.6%,1.22,22.2%,7,,1.,
Ukraine,Alcohol Stores,BEARS BEER,30,-38.8%,2.03,-10.2%,49,-27.9%,2.27,-12.0%,68,,2.57,
Ukraine,Flower Shops,KVITY VAV,15,36.4%,1.07,6.7%,11,-8.3%,1.,0.0%,12,,1.,
Ukraine,Alcohol Stores,BEERROOM,28,-28.2%,2.64,25.7%,39,2.6%,2.1,-1.4%,38,,2.13,
Ukraine,Grocery Stores,O'NDE,25,,1.64,,,,,,,,,
Ukraine,Alcohol Stores,TOP BEER,27,-10.0%,1.37,17.5%,30,0.0%,1.17,-16.7%,30,,1.4,
Ukraine,Alcohol Stores,BEER EMPORIUM,17,-29.2%,2.94,35.7%,24,-36.8%,2.17,35.0%,38,,1.61,
Ukraine,Alcohol Stores,MAHAZYN-KAFE BAVARIA,24,-25.0%,1.25,-4.8%,32,33.3%,1.31,5.0%,24,,1.25,
Ukraine,Alcohol Stores,BRATER BEER WE GO,14,-22.2%,3.86,13.8%,18,-18.2%,3.39,52.2%,22,,2.23,
Ukraine,Alcohol Stores,VINNYTSKE PUVO,29,20.8%,1.93,-21.4%,24,-27.3%,2.46,30.8%,33,,1.88,
Ukraine,Alcohol Stores,UMANPIVO,28,-44.0%,1.89,-9.9%,50,-33.3%,2.1,16.7%,75,,1.8,
Ukraine,Alcohol Stores,SOLOD BEER MARKET,24,-7.7%,2.13,8.3%,26,-35.0%,1.96,-16.5%,40,,2.35,
Ukraine,Alcohol Stores,SUSHI VESLA,25,-3.8%,1.4,-28.6%,26,52.9%,1.96,28.3%,17,,1.53,
Ukraine,Alcohol Stores,PYVO L BEER BAR,17,41.7%,1.59,0.3%,12,-20.0%,1.58,8.0%,15,,1.47,
Ukraine,Specialty Stores,COFFEE STORY,18,-35.7%,2.11,-21.2%,28,-12.5%,2.68,55.8%,32,,1.72,
Ukraine,Alcohol Stores,PYVO MAN,29,20.8%,1.97,17.9%,24,-29.4%,1.67,-11.5%,34,,1.88,
Ukraine,Alcohol Stores,PYVNA LIHA,31,-11.4%,1.26,-42.8%,35,-10.3%,2.2,12.9%,39,,1.95,
Ukraine,Alcohol Stores,PYVO TUTA,20,42.9%,1.5,-34.4%,14,-64.1%,2.29,39.3%,39,,1.64,
Ukraine,Alcohol Stores,MISTO PIVMARKET,15,-51.6%,2.6,55.0%,31,-8.8%,1.68,-6.5%,34,,1.79,
Ukraine,Tobacco Stores,VAPERY | VAPE SHOP,23,4.5%,1.04,-0.2%,22,0.0%,1.05,0.0%,22,,1.05,
Ukraine,Alcohol Stores,GANESHABEER,18,63.6%,1.89,38.5%,11,"1,000.0%",1.36,36.4%,1,,1.,
Ukraine,Alcohol Stores,MAHAZYN ROZLYVNOHO PYVA PYVOTEKA,22,"1,000.0%",1.23,-18.2%,2,100.0%,1.5,50.0%,1,,1.,
Ukraine,Alcohol Stores,PYVKO,20,42.9%,1.35,-34.8%,14,-12.5%,2.07,22.8%,16,,1.69,
Ukraine,Alcohol Stores,PIV.KO,21,61.5%,1.38,-18.4%,13,-31.6%,1.69,-15.4%,19,,2.,
Ukraine,Alcohol Stores,PIVOMARKET KYIV,21,-66.1%,1.62,-27.3%,62,-41.5%,2.23,22.9%,106,,1.81,
Ukraine,Alcohol Stores,BROVARNYA 8,22,15.8%,1.27,-30.9%,19,11.8%,1.84,8.0%,17,,1.71,
Ukraine,Alcohol Stores,CHEESE&WINE,14,7.7%,1.36,10.3%,13,-48.0%,1.23,-6.8%,25,,1.32,
Ukraine,Alcohol Stores,BEERWIEL,12,-33.3%,2.67,20.0%,18,125.0%,2.22,27.0%,8,,1.75,
Ukraine,Gas Station Convenience,BRSM,19,-83.5%,1.42,-14.9%,115,-39.8%,1.67,25.1%,191,,1.34,
Ukraine,Alcohol Stores,KAFETERIY,17,-39.3%,1.41,9.8%,28,40.0%,1.29,7.1%,20,,1.2,
Ukraine,Alcohol Stores,CRAFT BEER MARKET,16,60.0%,1.31,-40.3%,10,-52.4%,2.2,54.0%,21,,1.43,
Ukraine,Alcohol Stores,APIVAS,16,-5.9%,2.25,31.9%,17,183.3%,1.71,-36.0%,6,,2.67,
Ukraine,Alcohol Stores,BEER FRESH,12,0.0%,1.25,-25.0%,12,-7.7%,1.67,8.3%,13,,1.54,
Ukraine,Alcohol Stores,WINE GALLERY,7,0.0%,1.86,-13.3%,7,,2.14,,,,,
Ukraine,Alcohol Stores,COOL BEER,9,28.6%,1.89,32.2%,7,-50.0%,1.43,-33.3%,14,,2.14,
Ukraine,Grocery Stores,SHARLOTKA_,11,-38.9%,1.36,29.2%,18,-30.8%,1.06,-25.8%,26,,1.42,
Ukraine,Alcohol Stores,BROVARNIA PYVNA LEHENDA,12,0.0%,1.5,38.5%,12,-14.3%,1.08,-20.2%,14,,1.36,
Ukraine,Alcohol Stores,PYVO I VISKI LBEER,8,-20.0%,1.5,-6.3%,10,-16.7%,1.6,6.7%,12,,1.5,
Ukraine,Flower Shops,FLEUR DELICATE,5,-16.7%,1.,0.0%,6,500.0%,1.,0.0%,1,,1.,
Ukraine,Flower Shops,LIME FLOWERS&DECOR,10,66.7%,1.1,10.0%,6,-25.0%,1.,0.0%,8,,1.,
Ukraine,Alcohol Stores,PIVNOY BUTIK,10,-41.2%,1.2,-2.9%,17,-5.6%,1.24,-11.1%,18,,1.39,
Ukraine,,TOCHKA,10,11.1%,1.9,55.5%,9,50.0%,1.22,-18.5%,6,,1.5,
Ukraine,Alcohol Stores,MAHAZYN ROZLYVNOHO PYVA BAVARIA,11,10.0%,1.36,-2.6%,10,25.0%,1.4,-34.1%,8,,2.13,
Ukraine,Alcohol Stores,JAGER BREWERY,11,-8.3%,2.27,-28.2%,12,-42.9%,3.17,66.3%,21,,1.9,
Ukraine,Alcohol Stores,KLAN PYVA,8,-52.9%,1.5,10.9%,17,-15.0%,1.35,-6.7%,20,,1.45,
Ukraine,Grocery Stores,DAKS MARKET,9,12.5%,1.67,66.7%,8,0.0%,1.,-11.1%,8,,1.13,
Ukraine,Flower Shops,RWW.ART,2,-71.4%,1.5,50.0%,7,600.0%,1.,0.0%,1,,1.,
Ukraine,Alcohol Stores,BEER SOTA,9,-10.0%,1.56,-29.3%,10,-61.5%,2.2,-19.4%,26,,2.73,
Ukraine,Alcohol Stores,PIVKO KHM,7,-46.2%,2.,18.2%,13,-18.8%,1.69,42.5%,16,,1.19,
Ukraine,Alcohol Stores,BRATER BAR,11,-35.3%,1.27,3.0%,17,70.0%,1.24,-11.8%,10,,1.4,
Ukraine,Alcohol Stores,GOLD BEER PUB,7,40.0%,1.86,85.7%,5,-58.3%,1.,-76.5%,12,,4.25,
Ukraine,Alcohol Stores,PORTAL PUB,3,0.0%,1.,0.0%,3,0.0%,1.,-25.0%,3,,1.33,
Ukraine,Alcohol Stores,BEER TIME KYIV,7,40.0%,1.57,-1.8%,5,-66.7%,1.6,33.3%,15,,1.2,
Ukraine,Alcohol Stores,DRAFT & CRAFT BEER SHOP,5,0.0%,2.4,20.0%,5,-50.0%,2.,17.6%,10,,1.7,
Ukraine,Alcohol Stores,BEER AND MORE,2,-60.0%,2.5,108.3%,5,-16.7%,1.2,-57.6%,6,,2.83,
Ukraine,Grocery Stores,HALYA BALUVANA,6,0.0%,1.17,0.0%,6,-60.0%,1.17,9.4%,15,,1.07,
Ukraine,Alcohol Stores,BERLIN,14,7.7%,1.07,-30.4%,13,62.5%,1.54,-27.6%,8,,2.13,
Ukraine,Specialty Stores,FERMA BRATA,8,300.0%,1.13,12.5%,2,,1.,,,,,
Ukraine,Flower Shops,FRESH FLOWERS,3,-25.0%,1.,0.0%,4,-33.3%,1.,-14.3%,6,,1.17,
Ukraine,Flower Shops,MILANO FLOWERS,3,-40.0%,1.,-16.7%,5,0.0%,1.2,20.0%,5,,1.,
Ukraine,Alcohol Stores,PYVO BAZA,6,0.0%,1.67,25.0%,6,-50.0%,1.33,33.3%,12,,1.,
Ukraine,Alcohol Stores,BEERSTORE,8,300.0%,1.25,25.0%,2,-88.9%,1.,-28.0%,18,,1.39,
Ukraine,Alcohol Stores,KULTURA PYVA,2,-33.3%,1.5,50.0%,3,,1.,,,,,
Ukraine,Erotic,INTIMATE COMPANY,8,100.0%,1.13,12.5%,4,-60.0%,1.,0.0%,10,,1.,
Ukraine,Alcohol Stores,BEER MEN,4,-42.9%,1.5,31.3%,7,0.0%,1.14,14.3%,7,,1.,
Ukraine,Alcohol Stores,YEPYVO,9,,1.22,,,,,,,,,
Ukraine,Alcohol Stores,DNEPR.YACHT,8,60.0%,1.13,-6.2%,5,-28.6%,1.2,-16.0%,7,,1.43,
Ukraine,Alcohol Stores,VINNIBEER,5,400.0%,1.2,20.0%,1,0.0%,1.,0.0%,1,,1.,
Ukraine,Alcohol Stores,MAHAZYN BEER HAPPY,3,-50.0%,4.,100.0%,6,0.0%,2.,33.3%,6,,1.5,
Ukraine,Flower Shops,LILIUM STUDIO,2,-75.0%,1.5,33.3%,8,60.0%,1.13,12.5%,5,,1.,
Ukraine,Alcohol Stores,PO PYVKU,6,-62.5%,1.17,-35.6%,16,-54.3%,1.81,54.7%,35,,1.17,
Ukraine,Grocery Stores,BRONZE,4,-20.0%,1.25,25.0%,5,66.7%,1.,0.0%,3,,1.,
Ukraine,Alcohol Stores,BEE R,6,,1.,,,,,,,,,
Ukraine,Alcohol Stores,OBEER,2,-33.3%,4.5,35.0%,3,200.0%,3.33,-16.7%,1,,4.,
Ukraine,Tobacco Stores,13GRAM,7,133.3%,1.29,28.6%,3,-81.3%,1.,0.0%,16,,1.,
Ukraine,Flower Shops,UKRAINE FLOWERS,2,-50.0%,1.5,50.0%,4,0.0%,1.,-20.0%,4,,1.25,
Ukraine,Alcohol Stores,PYVNA 2 LITRA,3,-40.0%,1.,-44.4%,5,-54.5%,1.8,10.0%,11,,1.64,
Ukraine,Alcohol Stores,ROCK BEER,6,200.0%,1.5,-25.0%,2,-80.0%,2.,-28.6%,10,,2.8,
Ukraine,Alcohol Stores,MAHAZYNKAFE KEGA,5,,1.,,,,,,1,,1.,
Ukraine,Alcohol Stores,BEER BAR FRIENDS,2,0.0%,1.5,0.0%,2,-33.3%,1.5,50.0%,3,,1.,
Ukraine,Alcohol Stores,JUST BEER,3,-25.0%,1.67,33.3%,4,0.0%,1.25,-28.6%,4,,1.75,
Ukraine,Alcohol Stores,BEER TIME,4,-20.0%,1.5,7.1%,5,-44.4%,1.4,14.5%,9,,1.22,
Ukraine,Alcohol Stores,KHMILNIY BOB,7,0.0%,1.14,0.0%,7,-22.2%,1.14,-58.9%,9,,2.78,
Ukraine,Flower Shops,RV-FLOWER,2,0.0%,1.5,50.0%,2,100.0%,1.,0.0%,1,,1.,
Ukraine,Alcohol Stores,PYVNA ZAPRAVKA,5,66.7%,1.,0.0%,3,-40.0%,1.,0.0%,5,,1.,
Ukraine,Alcohol Stores,YOY_CHE,4,-20.0%,1.,-28.6%,5,-50.0%,1.4,27.3%,10,,1.1,
Ukraine,Alcohol Stores,BEERSTORE365,3,0.0%,1.,0.0%,3,50.0%,1.,-71.4%,2,,3.5,
Ukraine,Alcohol Stores,BEERCO,3,0.0%,1.67,25.0%,3,-72.7%,1.33,-2.2%,11,,1.36,
Ukraine,Alcohol Stores,KHMIL + GRILL,4,,1.,,,,,,,,,
Ukraine,Alcohol Stores,BREWMEN,4,,1.25,,,,,,1,,1.,
Ukraine,Flower Shops,LOVE FLOWERS,3,0.0%,1.,0.0%,3,200.0%,1.,0.0%,1,,1.,
Ukraine,Specialty Stores,SWEET HOUSE,3,0.0%,1.,0.0%,3,-62.5%,1.,0.0%,8,,1.,
Ukraine,Specialty Stores,VAPE BROTHERS,2,,1.,,,,,,,,,
Ukraine,Alcohol Stores,ROCKBEER,2,0.0%,1.5,50.0%,2,0.0%,1.,0.0%,2,,1.,
Ukraine,Alcohol Stores,SOLO VINO,1,-66.7%,2.,-40.0%,3,-40.0%,3.33,108.3%,5,,1.6,
Ukraine,Alcohol Stores,GIGI BAR-BOUTIQUEGIGI BAR-BOUTIQUE,1,-50.0%,1.,0.0%,2,0.0%,1.,-33.3%,2,,1.5,
Ukraine,Alcohol Stores,PYVO BILYA TEBE,3,200.0%,1.67,66.7%,1,0.0%,1.,0.0%,1,,1.,
Ukraine,Alcohol Stores,SHOPOPIVU?,2,0.0%,1.5,50.0%,2,-33.3%,1.,0.0%,3,,1.,
Ukraine,Alcohol Stores,BUKOVYNSKA KHATA,3,200.0%,1.,0.0%,1,,1.,,,,,
Ukraine,Alcohol Stores,1.0.0 RADS BAR,3,200.0%,1.33,33.3%,1,0.0%,1.,0.0%,1,,1.,
Ukraine,Tobacco Stores,DUDKA,3,-40.0%,1.,0.0%,5,,1.,,,,,
Ukraine,Alcohol Stores,KRAN KHARKIV,3,-57.1%,1.,-63.2%,7,250.0%,2.71,171.4%,2,,1.,
Ukraine,Alcohol Stores,BIERWELLE,3,,1.,,,,,,7,,1.29,
Ukraine,Alcohol Stores,PYVKO NA PISHCHANOMU,1,-66.7%,1.,-50.0%,3,-40.0%,2.,25.0%,5,,1.6,
Ukraine,Specialty Stores,CBD LOVER,2,0.0%,1.,0.0%,2,-60.0%,1.,-44.4%,5,,1.8,
Ukraine,Alcohol Stores,BRO-BEER,2,,1.,,,,,,,,,
Ukraine,Alcohol Stores,PIVOVAR,2,-92.9%,1.,-56.3%,28,86.7%,2.29,27.0%,15,,1.8,
Ukraine,Grocery Stores,KHMELNYI LEV,2,-33.3%,1.,-25.0%,3,-25.0%,1.33,33.3%,4,,1.,
Ukraine,Flower Shops,ODA FLOWERS,1,-83.3%,1.,-14.3%,6,100.0%,1.17,16.7%,3,,1.,
Ukraine,Flower Shops,KATRIN'S FLOWERS,1,0.0%,1.,0.0%,1,0.0%,1.,0.0%,1,,1.,
Ukraine,Flower Shops,LAVENDER BY LK,1,,1.,,,,,,,,,
Ukraine,Specialty Stores,SINEMA SITI,3,-72.7%,1.,-21.4%,11,-15.4%,1.27,-12.9%,13,,1.46,
Ukraine,Specialty Stores,KAVALER TUTI,1,-50.0%,1.,-60.0%,2,-33.3%,2.5,150.0%,3,,1.,
Ukraine,Convenience Stores,CRAFT BEER MARKET,1,,1.,,,,,,1,,1.,
Ukraine,Alcohol Stores,HMILNYJ,1,0.0%,1.,0.0%,1,-50.0%,1.,0.0%,2,,1.,
Ukraine,Alcohol Stores,BEERBERSHOP,1,,1.,,,,,,,,,
Ukraine,Pet Shops,REPTO BOUTIQUE,1,-50.0%,1.,0.0%,2,,1.,,,,,
Ukraine,Convenience Stores,OKKO MARKET,,,,,48,-94.5%,1.23,-3.4%,878,,1.27,
Ukraine,Specialty Stores,MEAL TIME,,,,,,,,,57,,1.54,
Ukraine,Alcohol Stores,PIVASOV,,,,,37,-24.5%,1.16,-23.0%,49,,1.51,
Ukraine,Alcohol Stores,BEER GODS,,,,,7,-63.2%,1.14,-16.5%,19,,1.37,
Ukraine,Flower Shops,SELINA FLOWERS,,,,,4,33.3%,1.,0.0%,3,,1.,
Ukraine,Tobacco Stores,VAPESEE,,,,,,,,,21,,1.05,
Ukraine,Tobacco Stores,PARA RIVNE,,,,,,,,,14,,1.07,
Ukraine,Grocery Stores,SPAR,,,,,2,-75.0%,1.,-42.9%,8,,1.75,
Ukraine,Alcohol Stores,BEER CLUB LVIV,,,,,1,-94.1%,1.,-5.6%,17,,1.06,
Ukraine,Tobacco Stores,CLOUD_HUB,,,,,,,,,14,,1.21,
Ukraine,Alcohol Stores,SMAK PYVA,,,,,3,-62.5%,1.33,-11.1%,8,,1.5,
Ukraine,Flower Shops,LAVANDA FLOWERS,,,,,1,-50.0%,1.,0.0%,2,,1.,
Ukraine,Alcohol Stores,PYVNI TRADYTSII,,,,,,,,,5,,1.4,
Ukraine,Alcohol Stores,BEERWOLF,,,,,1,-80.0%,1.,-37.5%,5,,1.6,
Ukraine,Flower Shops,FLORA DEN,,,,,,,,,2,,1.,
Ukraine,Alcohol Stores,VYNO UKRAINY,,,,,,,,,1,,1.,
Ukraine,Alcohol Stores,3.14VO,,,,,,,,,4,,1.,
Ukraine,Grocery Stores,CHAI_PV,,,,,,,,,1,,1.,
Ukraine,Alcohol Stores,LOCATSIA 2 ALCOHOL,,,,,1,0.0%,1.,0.0%,1,,1.,
Ukraine,Flower Shops,MILLION FLOWERS,,,,,,,,,1,,1.,
Ukraine,Alcohol Stores,PINA.BEER,,,,,,,,,1,,2.,
Ukraine,Specialty Stores,SKHIDNA TOCHKA,,,,,,,,,1,,1.,
Ukraine,Tobacco Stores,TATO VAPE,,,,,,,,,2,,1.,
Ukraine,Pet Shops,,,,,,,,,,1,,2.,
Ukraine,Pet Shops,GROOM HRUM,,,,,,,,,1,,1.,
Ukraine,Alcohol Stores,PODVAPYVA,,,,,,,,,2,,1.,
Ukraine,Alcohol Stores,KHMILNA KOMORA,,,,,,,,,1,,1.,
Ukraine,Grocery Stores,GLOTOK,,,,,1,,1.,,,,,
Ukraine,Alcohol Stores,KHMELIAR,,,,,,,,,1,,1.,
Ukraine,Alcohol Stores,KELYH,,,,,,,,,1,,1.,
